Recipe ID,Title,Description,Min Age (Months),Meal Type,Prep Time (min),Cook Time (min),Ingredients (Readable),Instructions,Tottable Tips,Tags,Image URL
REC-0000001,Baby Oatmeal,"Smooth, nutrient-rich oatmeal made from finely ground oats. Perfect for introducing grains to babies.",6,Breakfast,5,5,"Rolled oats, water","Prepare the Oats: Place the rolled oats in a blender or food processor and grind them into a fine powder. This ensures a smooth texture, perfect for your baby’s first cereal.; Cook the Oatmeal: Bring the water to a boil in a small saucepan over medium-high heat. Gradually whisk in the oat powder and lower the heat. Stir continuously for 1 to 2 minutes until the mixture thickens and becomes creamy.; Adjust Texture: If the oatmeal feels too thick, thin it out with a little water, breast milk, or formula.; Cool and Serve: Allow the oatmeal to cool to room temperature before feeding your baby.","Prepare Ahead: Blend a large batch of oats into powder and store in an airtight jar for quick use.; Add Flavor: As your baby grows, stir in a dollop of fruit or vegetable puree to introduce new tastes and added nutrition.; For Toddlers: Grind the oats more coarsely and use them as a quick-cooking option for porridge.","Dairy-Free, Vegetarian, Gluten-Free",
REC-0000002,Baby Barley Cereal,"Smooth, nutty barley cereal rich in iron and fiber. A delicious alternative to rice or oat cereals for babies.",6,Breakfast,5,5,"Pearled barley, water","Prepare the Barley: Place the pearled barley in a blender or food processor and grind it into a fine powder, 3 to 4 minutes.; Cook the Cereal: Bring water to a boil in a small saucepan. Gradually whisk in the barley powder and lower the heat. Stir continuously for about 5 minutes until the mixture is smooth and creamy.; Adjust Texture: If the cereal becomes too thick, thin with cool water, breast milk, or formula.; Cool and Serve: Allow the cereal to cool to room temperature before feeding.",Make Ahead: Grind a large batch of barley powder and store in the refrigerator for quick prep.; Perfect Ratio: Use 1 part barley powder to 3 parts water for the ideal consistency.; Add Flavor: Pair with veggie purees like Zucchini-Pea Puree with Mint for variety.,"Dairy-Free, Vegetarian, Gluten-Free",
REC-0000003,Sweet Summer Greens Puree,"A vibrant, nutrient-rich puree made with sweet green peas, tender zucchini, and a hint of fresh mint. Perfect for babies starting their solids journey.",6,Lunch,10,15,"Zucchini, mint leaf, sweet green peas","Prepare the Vegetables: Wash the zucchini, trim the ends, and slice into 1-inch rounds. Tear the stem and center rib from the mint leaf.; Steam the Zucchini: Bring an inch of water to a boil in a steamer. Steam zucchini for 6 to 7 minutes until tender and transfer to a food processor.; Steam the Peas: Steam fresh peas for 5 to 6 minutes or frozen peas for about 2 minutes, and add to the food processor.; Cool and Blend: Let vegetables cool, then blend with the mint leaf until smooth. Add water if necessary to achieve desired consistency.; Serve or Store: Serve immediately or refrigerate for up to 2 days.","Add Variety: Pair with a protein like chicken or fish for older babies.; Minty Freshness: Adjust the mint amount for a delicate or bold flavor.; Make Ahead: Freeze in small portions for quick, nutrient-packed meals.","Dairy-Free, Vegetarian, Gluten-Free, Vegan",
REC-0000004,Creamy Sweet Potato Puree,"A smooth and naturally sweet puree packed with vitamins and healthy carbohydrates, perfect for 7-month-old babies starting solids.",7,Lunch,5,60,Sweet potato,"Prepare the Sweet Potato: Preheat the oven to 400°F (200°C). Scrub the sweet potato thoroughly under running water and prick it in several places with a knife.; Bake the Sweet Potato: Bake for 45 to 60 minutes, until very soft. Let cool to room temperature.; Puree the Sweet Potato: Slice the sweet potato lengthwise, scoop out the flesh, and process in a food processor until smooth, adding water as needed.; Introduce Texture Gradually: Mash coarsely or offer small soft pieces as baby becomes comfortable with more texture.",Make Ahead: Bake multiple sweet potatoes and freeze portions for up to 3 months.; Flavor Pairing: Mix with apple or pear puree to add variety.; Family-Friendly Option: Use leftover sweet potatoes as a side dish or stuff them with beans and salsa for older kids or adults.,"Dairy-Free, Vegetarian, Gluten-Free, Vegan",
REC-0000005,Cozy Apple-Pear Puree,"A smooth and naturally sweet puree made with apples and pears, packed with healthy carbohydrates and vitamin C.",7,Snack,10,8,"Apples, pears","Prepare the Fruit: Peel and core the pears and apples. Cut into 1-inch chunks.; Steam the Fruit: Bring an inch of water to a boil in a steamer. Steam the fruit chunks for 6 to 8 minutes, until very soft. Let cool to room temperature.; Puree the Mixture: Blend the fruit in a food processor until smooth, adding water as needed to achieve the desired texture.; Serve or Store: Serve immediately or refrigerate for up to 3 days. Freeze portions for up to 3 months.","Mix it Up: Combine with rice cereal, baby oatmeal, or barley cereal for variety.; Batch Cooking: Double the recipe and freeze portions for quick meals.; Family-Friendly: Use as a topping for yogurt, pancakes, or oatmeal for older kids and adults.","Dairy-Free, Vegetarian, Gluten-Free, Vegan",
REC-0000006,Banana Mash,"A naturally sweet and creamy first food, perfect for babies starting solids. Packed with potassium, vitamins, and healthy carbohydrates.",7,Snack,2,0,Ripe banana,Prepare the Banana: Peel the banana and break into chunks.; Mash the Banana: Mash the chunks thoroughly with a fork. Add water if needed to thin the mixture.; Serve Immediately: Prepare fresh and serve right away as banana mash doesn’t store well.,"Texture Progression: Make it chunkier as your baby grows, or serve small cubes for self-feeding.; Quick and Portable: Bananas are perfect for on-the-go meals—just peel, mash, and serve.; Natural Sweetener: Use mashed bananas to sweeten baby cereals or mix with other purees like apple or pear.","Dairy-Free, Vegetarian, Gluten-Free, Vegan",
REC-0000007,Nutty Carrot-Chickpea Mash,A nutrient-rich mash blending the sweetness of carrots with the nutty flavor of chickpeas and a hint of cumin. Perfect for babies exploring new tastes.,7,Lunch,5,10,"Carrots, chickpeas, cumin","Prepare the Carrots: Peel the carrots and slice into ¼-inch rounds.; Steam the Carrots: Bring several inches of water to a boil in a steamer. Steam the carrot slices for about 10 minutes until very soft. Let cool.; Blend the Mash: Blend the steamed carrots, chickpeas, and cumin until smooth, adding water as needed for the right texture.; Serve or Store: Serve immediately or refrigerate for up to 3 days. Freeze portions for up to 3 months.","Family-Friendly Dip: Add olive oil, lemon juice, and a pinch of salt for a dip as your baby grows.; Nutritional Boost: Chickpeas provide protein and iron, making this mash hearty and satisfying.; Flavor Variations: Try cinnamon or paprika as your baby explores new spices.","Dairy-Free, Vegetarian, Gluten-Free, Vegan",
REC-0000008,Blueberry Banana Bliss Smoothie,"A creamy, nutrient-packed smoothie with the sweetness of banana, the tang of yogurt, and the vibrant flavor of blueberries.",13,Snack,5,0,"Banana, whole-milk yogurt, frozen blueberries, milk or water","Prepare the Ingredients: Peel and slice half a ripe banana. Measure out the yogurt, frozen blueberries, and milk or water.; Blend the Smoothie: Place all ingredients in a blender and blend until smooth and creamy.; Serve Immediately: Pour into cups and serve fresh.","Calcium Boost: Whole-milk yogurt and milk provide calcium and healthy fats, essential for growing toddlers.; Sweet and Nutritious: Blueberries and bananas bring natural sweetness, packed with vitamins K and C.; Serve Fresh: Always serve smoothies immediately for the best flavor and texture.","Gluten-Free, Vegetarian",
REC-0000009,Shoestring Sweet Potato Fries,"Soft and nutritious baked sweet potato fries, perfect for toddlers as finger food.",13,Snack; Breakfast; Lunch; Dinner,10,25,"Orange-fleshed sweet potatoes (yams), olive oil, sea salt","Prepare the Sweet Potatoes: Preheat the oven to 400°F (200°C). Scrub, dry, and peel the sweet potatoes. Cut lengthwise into ¼-inch slices, then into ¼-inch wide and 3-inch long batons.; Coat and Arrange: Place sweet potatoes on a baking sheet. Drizzle with olive oil, sprinkle with salt, and toss to coat. Spread into an even layer.; Bake the Fries: Bake for 25 minutes, stirring after 10 minutes, until tender and browned on the edges.; Serve Immediately: Cool slightly and serve warm.","Soft and Nutritious: Sweet potato fries are packed with vitamins and calcium, making them an ideal snack.; Yam Choice: Use orange-fleshed sweet potatoes (commonly sold as yams) for optimal flavor and texture.","Dairy-Free, Vegetarian, Gluten-Free, Vegan",
REC-0000010,Cheesy Soft Polenta,"A creamy and comforting polenta dish made with Parmesan cheese and butter, perfect for toddlers and older kids.",13,Lunch,5,5,"Water or low-sodium chicken broth, instant polenta, Parmesan cheese, butter","Cook the Polenta: Bring water or broth to a boil in a small saucepan. Whisk in the polenta, lower heat, and simmer, stirring frequently, until thick and smooth, 3 to 5 minutes.; Add Cheese and Butter: Remove from heat and stir in Parmesan cheese and butter.; Cool and Serve: Let cool until just warm before serving.",Make It a Meal: Serve with turkey bolognese or lamb meatballs for a filling meal.; Flavor Twist: Stir in mashed butternut squash or soft mashed pears while warm to add variety.; Storage Tip: Refrigerate leftovers in a shallow dish for up to 3 days.,"Contains Dairy, Gluten",
REC-0000011,Harry's French Toast Fingers with Maple Yogurt,"A sweet, handheld breakfast treat made with whole-grain bread, served with maple yogurt for dipping. Perfect for toddlers and the whole family.",14,Breakfast,10,20,"Greek whole-milk yogurt, maple syrup, eggs, milk, ground cinnamon, vanilla extract, whole-grain bread, butter","Prepare the Maple Yogurt: Mix the yogurt and maple syrup in a small bowl.; Make the Egg Mixture: Whisk the eggs, then whisk in the milk, cinnamon, and vanilla.; Soak the Bread: Pour the egg mixture into a shallow dish and soak the bread for 1 to 2 minutes on each side.; Cook the French Toast: Cook the soaked bread in a buttered pan over medium heat for 4 minutes per side until golden brown. Repeat for all slices.; Serve: Cut each slice into fingers and serve warm with the maple yogurt for dipping.",Make Ahead: Leftovers can be refrigerated or frozen and reheated in the toaster.; Family-Friendly: Double the recipe so everyone can join in on this tasty breakfast.,"Contains Dairy, Contains Eggs, Vegetarian",
REC-0000012,Hearty Tomato Lentil Stew with Goat Cheese,"A nutritious lentil stew simmered with carrots, tomatoes, and cumin, topped with creamy goat cheese. Perfect for a hearty lunch or dinner.",14,"Lunch, Dinner",10,25,"Olive oil, yellow onion, garlic, carrot, chicken broth or water, dried brown lentils, crushed tomatoes, ground cumin, goat cheese","Cook the Vegetables: Warm olive oil in a medium saucepan. Add onion, garlic, and carrot, and cook for 5 to 6 minutes until soft.; Simmer the Lentils: Add chicken broth, lentils, tomatoes, and cumin. Bring to a boil, lower heat, and simmer covered for 25 minutes until lentils are tender.; Serve with Goat Cheese: Spoon into bowls and top with 1 tablespoon of goat cheese per serving.",Nutritional Boost: Lentils are packed with fiber and essential nutrients.; Dipping Fun: Pair with toasted whole-wheat pita wedges for extra fiber and dipping fun.; Storage: Refrigerate leftovers for up to 2 days.,"Contains Dairy, Vegetarian",
REC-0000013,Roasted Red Pepper Hummus with Carrot Dippers,"A smooth and flavorful hummus made with roasted red peppers and chickpeas, served with steamed carrots for a fiber-rich, baby-friendly snack.",14,Snack; Lunch,10,40,"Red bell peppers, chickpeas, olive oil, ground cumin, salt, paprika, lemon juice, baby carrots","Roast the Red Peppers: Preheat oven to 450°F. Roast peppers on a foil-lined baking sheet for 30–40 minutes, turning once. Let cool, then remove skins, seeds, and stems.; Prepare the Hummus: Blend chickpeas, roasted peppers, olive oil, cumin, salt, paprika, and lemon juice until smooth, adding water as needed.; Steam the Carrots: Slice carrots lengthwise. Steam for 5–8 minutes until soft. Let cool.; Serve: Pair the hummus with steamed carrots for dipping.",Family-Friendly Snack: Add toasted bread or crackers for extra fiber.; Make Ahead: Prepare the hummus in advance and refrigerate for up to 3 days.; Nutritional Boost: Chickpeas and carrots are packed with fiber and protein.,Vegetarian; Dairy-Free; Gluten-Free,
REC-0000014,Pork and Veggie Unfried Rice,"A nutritious, protein-packed fried rice alternative with scrambled egg, pork, and tender vegetables. Customizable with your toddler’s favorite veggies.",15,Dinner; Lunch,10,30,"Water, long-grain rice, frozen peas, carrot, low-sodium soy sauce, lime juice, toasted sesame oil, brown sugar, fresh ginger, olive oil, eggs, pork loin","Cook the Rice: Boil water, add rice, and simmer until liquid is absorbed (20 minutes). Add peas and fluff with a fork.; Steam the Carrots: Steam diced carrot until tender (3–4 minutes), then add to rice.; Prepare the Sauce: Mix soy sauce, lime juice, sesame oil, brown sugar, and ginger in a bowl.; Scramble the Egg: Heat 1 tsp olive oil, cook beaten egg in a thin layer, break into pieces, and add to rice.; Cook the Pork: Heat remaining oil, cook pork with ½ tbsp sauce until no longer pink (2–3 minutes), and cut into small pieces.; Combine and Serve: Stir pork, remaining sauce, and carrots into the rice and mix well before serving.","Customizable Veggies: Replace carrots with broccoli, spinach, or bok choy.; Protein Variety: Swap pork for chicken breast as an alternative.; Meal Prep Friendly: Reheats well for a quick, nutritious leftover meal.",Contains Eggs; Contains Soy; Gluten,
REC-0000015,Turkey Bolognese with Orzo,"A hearty and nutrient-rich turkey bolognese sauce served over tender whole-wheat orzo, topped with Parmesan cheese.",15,Dinner,10,35,"Olive oil, yellow onion, garlic, ground turkey leg and thigh meat, crushed tomatoes, chicken broth, dried oregano, sea salt, ground nutmeg, dried whole-wheat orzo, grated Parmesan cheese","Cook the Bolognese Sauce: Heat olive oil, cook onion until golden (6–8 minutes), add garlic for 1 minute. Add turkey and cook until no longer pink (6–7 minutes). Stir in tomatoes, chicken broth, oregano, salt, and nutmeg. Simmer for 20–25 minutes until thickened.; Cook the Orzo: Boil 1½ quarts water, add orzo, and cook for 10–11 minutes. Drain well.; Combine and Serve: Toss orzo with half the sauce and top with Parmesan cheese before serving.","Double the Sauce: Freeze half for up to 3 months.; Iron Boost: Turkey leg and thigh meat provide protein, iron, and B vitamins.; Alternative Pasta: Swap orzo for penne or fusilli for variety.",Contains Dairy; Gluten,
REC-0000016,Arthur's Lamb Meatballs with Cucumber-Yogurt Sauce,"Tender lamb meatballs seasoned with cumin and cinnamon, served with a refreshing cucumber-yogurt sauce.",15,Dinner; Snack,10,20,"Whole-wheat bread, milk, ground lamb, sea salt, ground cumin, ground cinnamon, egg yolk, whole-milk yogurt, cucumber, mint","Prepare the Meatball Mixture: Preheat oven to 400°F. Process bread into fine crumbs and mix with milk. Add lamb, ¼ tsp salt, cumin, cinnamon, and egg yolk. Gently combine.; Form and Bake the Meatballs: Roll mixture into balls and bake on a foil-lined sheet for 15–20 minutes until cooked through.; Make the Yogurt Sauce: Stir yogurt, cucumber, and mint in a small bowl. Season with salt if desired.; Serve: Serve the yogurt sauce alongside the meatballs.",Make Ahead: Meatballs freeze well for up to 2 months.; Nutritional Boost: Lamb provides protein and vitamin B2 for energy.; Perfect for Parties: A great toddler-friendly appetizer for gatherings.,Contains Dairy; Contains Eggs; Gluten,
REC-0000017,Creamy Tomato-Rice Soup,"A creamy and comforting tomato-based soup with soft rice, perfect for introducing tomatoes to toddlers.",16,Lunch; Dinner,10,25,"Olive oil, yellow onion, fresh thyme, whole tomatoes, chicken or vegetable broth, sugar, whipping cream, cooked rice","Cook the Onions and Thyme: Heat olive oil in a saucepan. Add onion and thyme, lower heat, and cook until very soft (6–9 minutes).; Puree the Tomatoes: Blend whole tomatoes and juices until smooth.; Simmer the Soup: Add pureed tomatoes, broth, and sugar to the pan. Simmer gently for 15 minutes, stirring occasionally.; Blend the Soup: Let cool for 5–10 minutes, then puree with an immersion blender or in a blender until smooth.; Finish and Serve: Stir in cream and cooked rice before serving.","Storage Tip: Refrigerate leftovers for up to 2 days.; Comfort in a Bowl: Creamy and vitamin-rich, perfect for little ones.; Gentle Introduction: Introduce tomatoes' acidity in a toddler-friendly way.",Contains Dairy; Gluten-Free Option,
REC-0000018,Sweet-and-Sour Chicken Stir-Fry,"A quick and nutritious chicken stir-fry with red bell peppers and a sweet-and-sour sauce, perfect served with steamed rice.",16,Lunch; Dinner,10,10,"Low-sodium soy sauce, lime juice, honey, olive oil, red bell pepper, shallots, chicken breast","Make the Sauce: Mix soy sauce, lime juice, and honey in a small bowl.; Cook the Vegetables: Heat ½ tbsp olive oil in a frying pan. Cook bell pepper and shallots until soft (2–3 minutes). Transfer to a plate.; Cook the Chicken: Add remaining oil, cook sliced chicken until opaque and cooked through (3–5 minutes).; Combine and Heat: Return vegetables to the pan, stir in the sauce, and heat through (1 minute).; Serve: Cut chicken into small pieces and serve with steamed rice.",Family-Friendly: Double the recipe for a meal the whole family can enjoy.; Storage Tip: Refrigerate leftovers for up to 2 days.; Nutrient Boost: Chicken provides niacin to support energy production in toddlers.,Contains Soy; Gluten-Free Option,
REC-0000019,Papaya-Kiwi-Strawberry Salsa,"A refreshing and colorful fruit salsa made with papaya, kiwi, and strawberries, packed with folate and vitamin C.",17,Snack; Side,5,0,"Papaya, kiwi, strawberries","Prepare the Fruit: Peel, seed, and dice the papaya. Peel and dice the kiwi. Dice the strawberries.; Mix the Salsa: Combine all the fruit in a bowl and mix well before serving.; Serve and Enjoy: Serve fresh on its own, with yogurt, or alongside a quesadilla.","Quick and Fresh: Best served fresh, but can be refrigerated for up to 1 day.; Versatile Pairing: Enjoy as a snack, yogurt topping, or with quesadillas.; Vitamin Boost: A folate and vitamin C-packed treat for toddlers.",Dairy-Free; Gluten-Free; Vegan,
REC-0000020,Smashed Pinto Bean Quesadillas,"A simple, delicious quesadilla filled with avocado, beans, and cheese, perfect for a quick and folate-rich meal.",17,Lunch; Snack,5,5,"Avocado, whole-wheat flour tortillas, pinto beans, Monterey Jack cheese, olive oil","Assemble the Quesadilla: Spread avocado on one tortilla, top with beans and cheese, and cover with the second tortilla. Brush the top with ½ tsp olive oil.; Cook the Quesadilla: Heat remaining oil in a pan over medium heat. Cook the quesadilla until browned on one side (1–2 minutes), flip carefully, and cook until browned and cheese melts.; Serve: Cut into eight wedges and serve warm with sour cream and salsa, if desired.",Nutritional Boost: Avocado and beans are rich in folate and healthy fats.; Pair It Up: Enjoy with Papaya-Kiwi-Strawberry Salsa for added freshness.; Quick Snack: Perfect for a fast toddler-friendly meal.,Contains Dairy; Gluten-Free Option,
REC-0000021,Falafel Sliders,"Mini falafel patties made with chickpeas, fresh parsley, and a hint of cumin, served on mini pitas or slider buns. Perfect for a nutritious toddler-friendly meal.",17,Lunch; Snack,15,6,"Chickpeas, egg yolk, red onion, garlic, parsley, lemon juice, Dijon mustard, all-purpose flour, sesame seeds, baking powder, ground cumin, salt, olive oil, mini pitas or slider buns","Prepare the Falafel Mixture: Blend chickpeas, egg yolk, onion, garlic, parsley, lemon juice, and mustard into a coarse paste. Stir in flour, sesame seeds, baking powder, cumin, and salt. Chill for 1 hour.; Cook the Patties: Heat olive oil in a skillet. Form mixture into ½-inch-thick patties and cook until browned on each side (2–3 minutes).; Assemble the Sliders: Place patties in mini pitas or slider buns. Cut into toddler-friendly pieces before serving.; Optional Sauce: Blend yogurt, tahini, and lemon juice. Season with salt and serve as a dip.",Make Ahead: Freeze patties with wax paper between them for up to 2 months.; Kid-Friendly Option: Serve with ketchup or a favorite dip.; Nutritional Boost: Chickpeas and parsley provide folate and vitamin C.,Contains Dairy; Contains Gluten; Contains Eggs,
REC-0000022,Loaded Sweet Potato Skins,"Crispy baked sweet potato skins loaded with black beans, cheddar cheese, and yogurt. A nutritious snack or meal for toddlers and the whole family.",18,Lunch; Snack; Dinner,10,50,"Sweet potatoes, olive oil, salt, black beans, cheddar cheese, Greek yogurt, green onions, salsa","Bake the Sweet Potatoes: Preheat oven to 400°F. Scrub potatoes, prick holes, rub with oil, and bake until soft (40–50 minutes).; Prepare the Skins: Let potatoes cool, cut in half lengthwise, and scoop out the center, leaving ½ inch thickness of flesh.; Top and Broil: Sprinkle with salt and pepper, top with beans and cheese, and broil until cheese melts and edges are crisp (1–2 minutes).; Finish and Serve: Top with yogurt, green onions, and salsa, if desired. Cut into small pieces for toddlers before serving.","Vitamin Boost: Rich in vitamin B6, essential for growth.; Family-Friendly: Perfect for toddlers and adults alike.; Customizable Toppings: Tailor toppings like salsa or green onions to your toddler’s taste.",Contains Dairy; Gluten-Free; Vegetarian,
REC-0000023,Carrot Coins with Honey Butter,"Tender steamed carrots coated in a sweet honey-butter glaze, perfect for a vitamin-rich toddler snack or side.",18,Snack; Side,5,8,"Carrots, butter, honey, salt","Steam the Carrots: Bring water to a boil and steam carrots until soft (6–8 minutes).; Make the Honey Butter: Melt butter and honey together with salt in a saucepan or microwave.; Coat the Carrots: Drizzle honey butter over carrots, mix to coat, and mash or cut into small pieces before serving.","Vitamin Boost: Carrots are rich in vitamin B6, essential for growth.; Quick and Easy: Scale the recipe up or down based on your needs.; Storage Tip: Refrigerate leftovers for up to 1 day.",Contains Dairy; Gluten-Free,
REC-0000024,Mini Broccoli Frittatas,"Mini egg muffins filled with tender broccoli, sharp cheddar cheese, and milk. Perfect for a vitamin-packed breakfast, lunch, or snack.",18,Breakfast; Lunch; Dinner; Snack,10,20,"Olive oil, broccoli, eggs, sharp cheddar cheese, milk, salt","Prepare the Muffin Tin: Preheat oven to 350°F and brush muffin tin with olive oil or line with paper liners.; Steam the Broccoli: Steam broccoli florets for 5–6 minutes until tender, let cool, and chop.; Mix the Egg Mixture: Whisk eggs, cheese, milk, and salt in a bowl until blended.; Assemble the Frittatas: Divide chopped broccoli among muffin cups and pour about ¼ cup of egg mixture into each.; Bake and Serve: Bake until puffy and set (18–20 minutes), let cool, and remove gently. Serve warm or at room temperature.","Make Ahead: Refrigerate frittatas for up to 3 days and reheat as needed.; Nutritional Powerhouse: Provides vitamin B6 from broccoli, eggs, and milk.; Versatile Meal: Great for breakfast, lunch, or snacks.",Contains Dairy; Contains Eggs; Gluten-Free,
REC-0000025,Oatmeal Applesauce Muffins,"A hearty handheld muffin made with whole-wheat flour, applesauce, and oats, perfect for a potassium-rich breakfast or snack.",19,Breakfast; Snack,10,30,"Whole-wheat flour, rolled oats, baking powder, baking soda, cinnamon, salt, applesauce, brown sugar, olive oil, egg","Prepare the Muffin Tin: Preheat oven to 350°F and line a 12-cup muffin tin with paper liners.; Mix the Dry Ingredients: Combine flour, oats, baking powder, baking soda, cinnamon, and salt in a medium bowl.; Mix the Wet Ingredients: Whisk applesauce, brown sugar, olive oil, and egg in a large bowl.; Combine the Batter: Stir dry ingredients into wet mixture until just combined, leaving a few lumps.; Fill and Bake: Divide batter among muffin cups and bake until golden brown (25–30 minutes).; Cool and Serve: Let cool in the pan for 5 minutes, then transfer to a baking rack to cool completely.",Potassium Boost: Applesauce and oats add extra potassium.; Make Ahead: Freeze muffins for up to 1 month for quick snacks or breakfasts.; Family-Friendly: Hearty enough for toddlers and adults alike.,Contains Dairy; Contains Eggs; Vegetarian,
REC-0000026,Medjool Date–Orange Salad,"A simple, sweet-tangy salad made with fresh orange segments and soft Medjool dates, perfect for a potassium-rich snack or side.",19,Snack; Side,5,0,"Orange, Medjool dates","Prepare the Orange: Slice off the ends of the orange, peel, and cut the segments into bite-sized pieces.; Prepare the Dates: Halve, pit, and dice the dates into small cubes.; Combine and Serve: Mix the orange pieces and dates in a bowl and serve immediately.","Seasonal Twist: Use Cara Cara or pink navel oranges during citrus season.; Potassium Boost: Dates and oranges make this salad rich in potassium.; Quick and Easy: Perfect for a fast, nutritious snack or side dish.",Dairy-Free; Gluten-Free; Vegan,
REC-0000027,Sticky Rice Balls with Salmon,"Tender rice balls filled with flaked salmon, perfect as a fun, protein-packed snack or meal.",19,Snack; Lunch,5,25,"Short-grain rice, water, rice vinegar, salmon, soy sauce","Cook the Rice: Rinse rice, then cook in water over low heat until tender (20 minutes). Let stand 5 minutes, stir in 1 tsp vinegar, and cool.; Prepare the Rice Balls: Wet hands with vinegar water. Flatten ¼ cup of rice into a round, place salmon in the center, and form into a ball.; Serve: Enjoy at room temperature with soy sauce for dipping.",Make It Fun: Let kids help shape the rice balls.; Nutritional Boost: Salmon adds protein and potassium.; Quick Eat: Best eaten within a few hours.,Dairy-Free; Gluten-Free Option; Contains Fish,
REC-0000028,Sesame Soba Noodles with Asparagus,"A flavorful noodle dish featuring soba, tender asparagus, and a nutty sesame-tahini sauce, perfect for family dinners or leftovers.",20,Lunch; Dinner,10,10,"Asparagus, toasted sesame oil, low-sodium soy sauce, lemon juice, tahini, soba noodles, olive oil, fresh ginger, garlic","Prepare the Asparagus: Trim asparagus ends, cut in half lengthwise, then into ½-inch pieces.; Make the Sauce: Mix sesame oil, soy sauce, lemon juice, and tahini in a bowl until smooth.; Cook the Noodles and Asparagus: Boil soba noodles for 3 minutes, add asparagus, and cook 3 minutes more. Drain and rinse under cold water.; Stir-Fry and Combine: Heat olive oil in a pan, cook ginger and garlic until fragrant, then add noodles, asparagus, and sauce. Stir until coated (2 minutes).; Serve: Serve warm or refrigerate leftovers for a cold meal.","Manganese Boost: Asparagus is rich in manganese, supporting growth.; Meal for All: Enough for the family, with leftovers for the next day.; Texture Matters: Keep soba noodles al dente for the best results.",Dairy-Free; Gluten-Free Option; Vegan,
REC-0000029,Herbed Brown Basmati Rice,"A flavorful brown basmati rice dish enhanced with fresh herbs and butter. Packed with fiber and essential minerals, it's perfect as a toddler-friendly side.",20,Lunch; Dinner,5,25,"Brown basmati rice, salt, water, butter, fresh herbs (cilantro, basil, or parsley)","Cook the Rice: Combine rice, salt, and water in a saucepan. Boil, then simmer covered for 20–25 minutes, or use a rice cooker.; Add Butter and Herbs: Fluff rice with a fork, then stir in butter and chopped herbs before serving.",Herb Flexibility: Replace cilantro with basil or parsley if needed.; Nutritional Boost: Rich in fiber and essential minerals.; Family-Friendly: Pairs well with chicken kabobs or family meals.,Dairy-Free Option; Gluten-Free; Vegetarian,
REC-0000030,Almond Butter and Raspberry Jam Pinwheels,"A quick, toddler-friendly pinwheel sandwich made with almond butter and raspberry preserves on a whole-wheat tortilla.",20,Snack,5,0,"Whole-wheat tortilla, almond butter, raspberry preserves","Assemble the Pinwheel: Spread almond butter over the tortilla and top with raspberry preserves.; Roll and Slice: Roll the tortilla tightly, then slice into 1-inch rounds.","Nut Butter Variety: Try cashew, peanut, or sunflower seed butter for different flavors.; Quick and Portable: A simple, travel-friendly snack for toddlers.; Nutritional Boost: Almond butter provides manganese to support brain health.",Contains Nuts; Gluten,
REC-0000031,Marinated Grilled Chicken Kabobs,"Tender, flavorful chicken kabobs marinated in a spiced yogurt blend, perfect for toddlers and the whole family.",21,Lunch; Dinner,10,9,"Whole-milk yogurt, lemon juice, garlic, ginger, paprika, ground cumin, ground coriander, salt, chicken breast","Prepare the Marinade: Mix yogurt, lemon juice, garlic, ginger, paprika, cumin, coriander, and salt in a bowl.; Marinate the Chicken: Add chicken chunks, stir to coat, and refrigerate for 30 minutes.; Preheat the Grill: Heat grill to medium-hot and oil the grates.; Thread and Grill: Thread chicken onto skewers and grill for 7–9 minutes, turning once.; Cool and Serve: Remove chicken from skewers, cool, and cut into toddler-friendly pieces.","Nutritional Boost: Contains selenium-rich ingredients like yogurt, ginger, and chicken.; Meal Pairing: Complements Herbed Brown Basmati Rice for a balanced meal.; Make Ahead: Leftovers can be stored in the fridge for up to 2 days.",Contains Dairy; Gluten-Free; Contains Spices,
REC-0000032,Chicken Noodle Egg-Drop Soup with Baby Bok Choy,A comforting chicken noodle soup enriched with egg-drop ribbons and tender baby bok choy. Perfect for a selenium-rich family meal.,21,Lunch; Dinner,10,15,"Dried pasta, egg, baby bok choy, chicken broth, cooked chicken, soy sauce","Cook the Pasta: Boil dried pasta until tender and drain.; Prepare the Ingredients: Scramble the egg with 1 tsp water. Rinse and chop bok choy.; Cook the Soup: Boil chicken broth, add bok choy, and simmer until tender (4–5 minutes). Add chicken and pasta.; Add the Egg: Stir in scrambled egg mixture and cook until set (1 minute).; Season and Serve: Stir in soy sauce before serving warm.","Customizable Veggies: Add diced vegetables like carrots or peas.; Make It a Meal: Selenium-rich soup with chicken, broth, and bok choy.; Quick and Easy: Ideal for using leftover chicken and veggies.",Contains Eggs; Gluten-Free Option; Contains Soy,
REC-0000033,Quick Turkey Chili,"A protein- and iron-packed turkey chili made with pinto beans, tomatoes, and mild spices, topped with cheddar cheese.",21,Lunch; Dinner,10,25,"Olive oil, yellow onion, garlic, ground turkey, mild chili powder, ground cumin, dried oregano, sea salt, crushed tomatoes, pinto beans, cheddar cheese","Cook the Onion and Garlic: Heat olive oil in a saucepan, cook onion until golden (5–6 minutes), then add garlic and cook 1–2 minutes more.; Cook the Turkey: Add turkey, chili powder, cumin, oregano, and salt. Stir and crumble until no longer pink (5 minutes).; Simmer the Chili: Add tomatoes and beans. Bring to a simmer, cover, and cook on low for 15 minutes.; Serve: Spoon into bowls, top with cheese, and serve warm.","Make Ahead: Refrigerate for 3 days or freeze for 3 months.; Nutritional Boost: Rich in protein, iron, and selenium.; Versatile Serving: Try with tortillas, rice, or cheese topping.",Contains Dairy; Gluten-Free Option,
REC-0000034,Waffle Panini with Cream Cheese and Fruit Preserves,"A fun, vitamin K-rich sandwich pressed in a waffle iron with cream cheese and fruit preserves, perfect for toddlers.",22,Lunch; Snack,5,4,"Cream cheese, soft bread, fruit preserves, butter","Assemble the Sandwich: Spread cream cheese on one slice of bread and jam on the other. Close and butter the outsides.; Grill the Sandwich: Heat a waffle iron and cook the sandwich until golden and crisp (3–4 minutes).; Cool and Serve: Let cool completely, then cut into strips for serving.","Versatile Filling: Try almond butter, honey, and bananas as an alternative filling.; Nutritional Boost: Rich in vitamin K from bread and butter.; Fun Texture: Toddlers will love the waffle iron's bumpy pattern.",Contains Dairy; Gluten,
REC-0000035,Chicken-Mango Salad Mini Pitas,"A tangy and fresh chicken salad with mango and red bell pepper, served in mini pitas. Perfect for a toddler-friendly lunch or dinner.",22,Lunch; Dinner,10,0,"Greek yogurt, lime juice, salt, cooked chicken, mango, red bell pepper, mini pitas","Prepare the Chicken Salad: Whisk yogurt, lime juice, and salt in a bowl. Add chicken, mango, and bell pepper and stir to combine.; Assemble the Pitas: Spoon the chicken-mango salad into mini pita rounds.; Serve: Serve fresh as a toddler-friendly meal.",Picnic Perfect: Ideal for outdoor meals or picnics.; Nutritional Boost: Rich in vitamin K from chicken and yogurt.; Customizable for Adults: Add red onion and Dijon mustard for a grown-up twist.,Contains Dairy; Gluten-Free Option,
REC-0000036,Green Risotto,"A creamy, risotto-like dish packed with spinach and Parmesan, perfect for a vitamin-rich toddler-friendly meal.",22,Lunch; Dinner,10,20,"Baby spinach, arborio rice, chicken or vegetable broth, olive oil, Parmesan cheese, sea salt","Steam the Spinach: Steam spinach until wilted (1–2 minutes) and puree until smooth.; Cook the Risotto: Combine rice and broth, cook covered until soft and creamy (20 minutes), adding more broth as needed.; Finish the Dish: Stir in olive oil, Parmesan, and spinach puree. Thin with broth if desired and season with salt before serving.","Vitamin Boost: Spinach provides a rich source of vitamin K.; Creamy Comfort: A comforting, toddler-friendly dish the whole family can enjoy.; Customizable Base: Use vegetable broth to make it vegetarian-friendly.",Contains Dairy; Gluten-Free Option; Vegetarian Option,
REC-0000037,Quick Spinach-Potato Soup,"A creamy and nutritious soup made with spinach and potatoes, packed with vitamins and minerals. Perfect for toddlers and adults alike.",23,Lunch; Dinner,5,15,"Russet potato, baby spinach, chicken or vegetable broth, salt, olive oil, Parmesan cheese (optional)","Steam the Potato: Rinse and peel the potato, then cut it into 1-inch chunks. Bring several inches of water to a boil in a pan fitted with a steamer. Steam the potato chunks until very soft (8–10 minutes).; Steam the Spinach: Add spinach leaves to the steamer, cover, and steam until bright green and wilted (1–2 minutes). Let the vegetables cool slightly.; Blend the Soup: Transfer the potato and spinach to a blender. Add 1 cup of broth and blend until smooth, adding more broth as needed to adjust consistency.; Reheat and Serve: Pour the blended soup into a saucepan and reheat gently. Season with salt, drizzle with olive oil, and sprinkle with Parmesan cheese if desired.","Nutritional Boost: Spinach provides essential vitamins like K, A, and folate.; Toddler-Friendly: Smooth and creamy for easy eating.; Make Ahead: Refrigerate for 2 days or freeze for up to 3 months.",Contains Dairy (Optional); Gluten-Free; Vegetarian Option,
REC-0000038,Apricot-Oat Squares,"Sweet and chewy oat squares filled with apricot paste, perfect as a vitamin-rich toddler snack or dessert.",23,Snack,30,25,"Unsalted butter, light brown sugar, egg, vanilla, all-purpose flour, rolled oats, baking powder, salt, water, granulated sugar, lemon juice, dried apricots","Prepare the Crust: Line an 8-inch pan with foil. Beat butter and brown sugar until creamy. Add egg and vanilla and mix well. Stir in flour, oats, baking powder, and salt. Press half the dough into the pan and refrigerate both halves.; Make the Filling: Boil water, granulated sugar, salt, and lemon juice. Add apricots and vanilla, let cool, then puree into a thick paste.; Assemble the Squares: Spread apricot filling over the dough in the pan. Roll out the remaining dough into an 8-inch square and place over filling.; Bake and Cool: Bake at 375°F for 20–25 minutes until golden. Cool completely, then cut into 16 squares.","Make Ahead: Prepare dough in advance and refrigerate.; Nutritional Boost: Packed with fiber, potassium, and iron from apricots.; Storage: Keep in an airtight container for up to 3 days.",Contains Gluten; Contains Dairy; Contains Eggs,
REC-0000039,Pizzettas with Butternut Squash and Baby Broccolini,"Mini pizzas with a wholesome crust, mashed butternut squash, baby broccolini, and melted mozzarella cheese. A vitamin-rich toddler meal.",23,Lunch; Dinner,15,20,"Olive oil, cornmeal, whole-wheat pizza dough, garlic, baby broccolini, sea salt, butternut squash, mozzarella cheese","Prepare the Oven and Dough: Preheat oven to 400°F, oil a baking sheet, and dust it and a work surface with cornmeal. Divide dough in half, shape into rounds, and set aside.; Cook the Broccolini: Heat 2 tsp olive oil, cook garlic until fragrant (1 minute), then cook broccolini until tender with water (3–4 minutes). Drain and discard garlic.; Prepare the Toppings: Mash thawed butternut squash with a fork.; Assemble the Pizzettas: Sprinkle cheese over dough rounds, then top with mashed squash and broccolini. Brush edges with olive oil.; Bake and Serve: Bake for 15–20 minutes until the crust is browned and cheese is melted. Cool and cut into pieces.",Nutritional Boost: High in vitamin B1 from dough and veggies.; Make Ahead: Store leftovers in the fridge for up to 2 days.; Customizable Toppings: Try other toddler-friendly veggies or cheese varieties.,Contains Dairy; Contains Gluten; Vegetarian Option,
REC-0000040,Quinoa Burrito Bowl,"A balanced and customizable one-bowl meal featuring quinoa, chicken, black beans, and fresh vegetables. Rich in magnesium for toddler growth.",24,Lunch; Dinner,5,0,"Cooked quinoa, black beans, cooked chicken, cheddar cheese, avocado, red bell pepper","Prepare the Ingredients: Cook and cool the quinoa or use Herbed Brown Basmati Rice as a substitute. Ensure all other toppings are cooked and ready.; Assemble the Bowl: Spoon quinoa into a shallow bowl. Top with black beans, chicken, cheese, avocado, and bell pepper.; Serve: Serve immediately for a colorful and balanced toddler meal.","Customizable Bowl: Substitute grains, beans, or veggies to suit your toddler’s taste.; Nutritional Boost: Packed with magnesium from the varied ingredients.; Family-Friendly: Easily scaled up for the whole family.",Contains Dairy; Gluten-Free Option,
REC-0000041,Salmon Sticks,"Crispy baked salmon sticks coated in panko bread crumbs, perfect for toddlers and packed with omega-3s and essential nutrients.",24,Lunch; Dinner,10,12,"Egg, water, salmon, sea salt, panko bread crumbs, olive oil","Prepare the Oven and Salmon: Preheat oven to 425°F, line a baking sheet with foil, and lightly oil. Cut salmon into ½-inch strips and sprinkle with salt.; Prepare the Coating: Beat egg with water in a bowl. Mix panko bread crumbs with olive oil in a separate bowl.; Coat the Salmon: Dip salmon pieces into egg mixture, then coat with bread crumb mixture. Arrange on baking sheet.; Bake and Serve: Bake until crumbs are golden and fish is opaque in the center (10–12 minutes). Serve immediately.","Omega-3 Boost: Packed with omega-3s, B and D vitamins, and protein.; Crispy Secret: Panko bread crumbs create a flaky, irresistible coating.; Make Ahead: Store leftovers wrapped in foil and reheat in a low oven.",Contains Fish; Contains Eggs; Gluten,
REC-0000042,Toddler Banana Split,"A fun and nutritious dessert featuring bananas, vanilla ice cream, and a homemade dark chocolate sauce.",24,Dessert,5,5,"Dark chocolate, heavy cream, vanilla ice cream, banana","Make the Chocolate Sauce: Place chopped chocolate in a bowl. Heat cream until simmering, then pour over chocolate. Let stand 2–3 minutes and whisk until smooth.; Assemble the Banana Split: Scoop ice cream into a bowl. Top with banana and drizzle with chocolate sauce.; Serve: Serve immediately for a toddler-friendly treat.",Nutritional Boost: Rich in magnesium from dark chocolate and bananas.; Party Ready: Add sprinkles for a fun birthday treat.; Make Ahead: Chocolate sauce can be prepared up to 1 week in advance.,Contains Dairy; Gluten-Free; Vegetarian,
REC-0000044,Cantaloupe-Nectarine Puree,"A sweet and tangy fruit puree made with fresh nectarine and cantaloupe, rich in vitamins A and C.",8,Snack,5,7,"Nectarine, cantaloupe","Steam the Nectarine: Bring water to a boil, steam nectarine halves until soft and skins loosen (5–7 minutes). Cool and peel.; Blend the Puree: Blend peeled nectarine and cubed cantaloupe until smooth.; Store: Refrigerate for up to 3 days or freeze for up to 3 months.","Seasonal Substitute: Replace nectarines with peaches or plums, or try honeydew melon with kiwi.; Nutritional Boost: Rich in vitamins A and C for growth and health.; Make Ahead: Freeze portions for quick meals on busy days.",Dairy-Free; Gluten-Free; Vegan,
REC-0000045,Mango-Banana Puree,"A tropical blend of mango and banana, rich in vitamins and perfect for a baby's first fruits.",8,Snack,5,0,"Mango, banana","Prepare the Mango and Banana: Peel, pit, and cube the mango. Peel and slice the banana.; Blend the Puree: Blend mango and banana until smooth, adding water as needed to achieve the right consistency.; Serve: Serve immediately as banana puree is best eaten fresh.","Nutritional Boost: Rich in vitamin A, potassium, fiber, and vitamins C and B6.; Fresh and Simple: Make fresh batches for baby to enjoy the same day.; Ingredient Selection: Use fragrant, ripe mangoes for optimal flavor.",Dairy-Free; Gluten-Free; Vegan,
REC-0000046,Butternut Squash Puree,"A smooth and naturally sweet puree made from roasted butternut squash, rich in vitamin A and antioxidants.",8,Snack; Lunch; Dinner,5,45,"Winter squash (e.g., butternut, kabocha, kuri)","Prepare the Squash: Preheat oven to 375°F. Cut squash in half lengthwise and scoop out seeds.; Bake the Squash: Place squash cut-side down in a baking pan with ½ inch water. Cover with foil and bake until soft (45–60 minutes).; Cool and Puree: Let cool completely, scoop out flesh, and blend until smooth.; Store: Refrigerate for up to 3 days or freeze for up to 3 months.",Nutritional Boost: Full of vitamin A and antioxidants for growth and health.; Versatile Puree: Try kabocha or kuri squash as tasty alternatives.; Make Ahead: Freeze for quick and easy meals.,Dairy-Free; Gluten-Free; Vegan,
REC-0000047,Mashed Kabocha Squash with Pear and Cinnamon,"A creamy and warming puree made with roasted kabocha squash, steamed pears, and a hint of cinnamon. Rich in vitamins A and C.",8,Lunch; Dinner,10,60,"Kabocha squash, pears, ground cinnamon","Prepare and Bake the Squash: Preheat oven to 375°F. Cut squash in half lengthwise, scoop out seeds, and bake cut-side down with water (45–60 minutes). Cool.; Steam the Pears: Peel, core, and cut pears into chunks. Steam until very soft (6–8 minutes). Cool.; Mash and Blend: Scoop squash flesh and blend with pears and cinnamon. Add water as needed for consistency.; Store: Refrigerate for up to 3 days or freeze for up to 3 months.","Nutritional Boost: Rich in vitamins A and C, plus fiber for digestion.; Seasonal Flavor: Cinnamon adds warmth to the dish.; Make Ahead: Freeze for convenient meals on busy days.",Dairy-Free; Gluten-Free; Vegan,
REC-0000048,Peaches and Cream Yogurt,"A creamy, fruit-filled yogurt dish featuring steamed peaches and whole-milk yogurt, perfect for baby's growth and health.",9,Snack,5,6,"Peach, plain whole-milk yogurt, vanilla extract (optional)",Steam the Peach: Steam peach halves until soft and skins are loose (4–6 minutes). Let cool and peel.; Mash the Peach: Mash the peach to the desired consistency.; Mix the Yogurt: Spoon yogurt into a bowl and stir in vanilla extract (if using).; Assemble and Serve: Top yogurt with mashed peach and serve fresh.,"Homemade Goodness: No added sugar, just natural sweetness.; Nutritional Boost: Calcium, protein, and vitamins for growth.; Make Ahead: Store in the fridge for up to 1 day.",Contains Dairy; Gluten-Free; Vegetarian,
REC-0000049,Avocado Mash,"A creamy, nutrient-rich avocado mash, perfect for babies starting solids.",9,Snack; Lunch; Dinner,2,0,"Avocado, water or formula","Prepare the Avocado: Halve and pit the avocado. Scoop the flesh into a bowl.; Mash the Avocado: Mash well with a fork, adding water or formula to thin if needed.; Serve: Serve immediately as avocado mash doesn’t store well.","Nutritional Boost: Rich in healthy fats, vitamin E, and folate.; Fresh is Best: Make fresh batches for your baby.; Bonus Snack: Use leftovers on toast with tomato and olive oil.",Dairy-Free; Gluten-Free; Vegan,
REC-0000050,Broccoli-Potato Chowder with White Cheddar Cheese,"A hearty and creamy soup made with broccoli, potatoes, and sharp white cheddar cheese, packed with vitamins and healthy fats.",9,Lunch; Dinner,10,25,"Olive oil, yellow onion, sea salt, chicken broth, Yukon gold potatoes, broccoli florets, sharp white cheddar cheese","Cook the Onion: Heat olive oil in a saucepan. Cook onion with salt until golden brown (6–8 minutes).; Simmer the Potatoes: Add broth and potatoes. Boil, then simmer covered for 5 minutes.; Cook the Broccoli: Add broccoli to the pot and cook uncovered until tender (10 minutes). Cool slightly.; Blend the Soup: Blend soup in batches until smooth. Return to the pot.; Add the Cheese: Reheat until bubbling, remove from heat, and stir in cheese until melted.; Serve: Serve warm as a hearty and nutritious meal.","Vitamin Boost: High in vitamins K and C, plus folate.; Make It Your Own: Use vegetable broth or water for a vegetarian option.; Smooth and Creamy: Easy-to-eat toddler texture.",Contains Dairy; Gluten-Free Option; Vegetarian Option,
REC-0000051,Apple-Beet Sauce with Ginger,"A vibrant pink puree made with roasted baby beets, steamed apples, and fresh ginger. Packed with folate and vitamin C.",10,Snack,10,50,"Baby beets, apples, fresh ginger","Prepare and Roast the Beets: Preheat oven to 400°F. Trim and scrub beets, place in a baking pan with ½ inch of water, cover with foil, and bake until soft (40–50 minutes). Cool, peel, and cut into pieces.; Steam the Apples: Peel, core, and slice apples. Steam until soft (5 minutes).; Blend the Puree: Combine roasted beets, steamed apples, and grated ginger in a food processor. Blend until smooth, adding water as needed for consistency.; Store: Refrigerate for 3 days or freeze for up to 3 months.",Nutritional Boost: Rich in folate for brain development and vitamin C for immunity.; Vibrant Color: The bright pink color makes this puree appealing to babies.; Make Ahead: Freeze portions for quick meals.,Dairy-Free; Gluten-Free; Vegan,
REC-0000052,Zoodles with Creamy Pesto,"Zucchini noodles tossed with a creamy basil pesto and topped with Parmesan cheese. A fun, vitamin-rich pasta alternative.",10,Lunch; Dinner,15,6,"Fresh basil leaves, olive oil, water, lemon juice, garlic, sea salt, zucchini, Parmesan cheese","Make the Pesto: Blend basil, ¼ cup olive oil, water, lemon juice, garlic, and salt in a food processor until smooth.; Prepare the Zoodles: Spiralize or peel zucchini into noodles and chop into shorter strands.; Cook the Zoodles: Heat 2 tsp olive oil in a pan. Cook zucchini noodles with a pinch of salt until soft and bright green (5–6 minutes).; Assemble the Dish: Toss cooked zoodles with pesto sauce, cut into small pieces, and top with Parmesan cheese.","Fun and Healthy: Zoodles are a nutrient-rich alternative to pasta.; Adjustable Texture: Mash or cut to suit your baby's needs.; Family-Friendly: Great for adults and older kids, too.",Contains Dairy; Gluten-Free; Vegetarian,
REC-0000053,Coconut Milk Rice Pudding with Crushed Raspberries,"A creamy, coconut milk-based rice pudding topped with mashed raspberries for a sweet and vitamin-rich treat.",10,Dessert; Snack,10,25,"Water, jasmine rice, light coconut milk, sugar, egg yolk, cornstarch, vanilla, raspberries","Cook the Rice: Simmer rice with water until soft (20 minutes).; Make the Pudding Base: Add coconut milk and sugar to rice. Mix egg yolk, cornstarch, vanilla, and sugar separately, then combine with milk mixture.; Cook the Pudding: Bring to a gentle boil and cook for 2 minutes, stirring constantly. Spoon into bowls.; Chill and Serve: Cover with wax paper and chill for 2 hours. Top with mashed raspberries before serving.",Vitamin Boost: Raspberries add fresh vitamin C.; Make Ahead: Refrigerate for up to 2 days.; Versatile Treat: Enjoy as a snack or dessert for all ages.,Contains Eggs; Gluten-Free; Dairy-Free Option,
REC-0000054,Edamame-Avocado Puree,"A smooth puree combining mild edamame and creamy avocado, rich in vitamin B12 and healthy fats.",11,Lunch; Dinner,10,10,"Edamame, avocado, water","Steam the Edamame: Bring water to a boil and steam edamame until soft and skins are loose (8–10 minutes).; Blend the Puree: Process steamed edamame in a food processor with water, then add avocado and blend until smooth.; Serve or Store: Serve fresh or refrigerate for up to 2 days.",Vitamin Boost: Rich in vitamin B12 from edamame and healthy fats from avocado.; Finger Food Favorite: Introduces edamame as a flavor and future snack.; Make Ahead: Stores well for up to 2 days.,Dairy-Free; Gluten-Free; Vegan,
REC-0000055,Turkey-Apple Puree,"A smooth and nutrient-rich puree made with ground turkey and applesauce, perfect for introducing protein to your baby.",11,Lunch; Dinner,5,5,"Ground turkey, water, applesauce","Cook the Turkey: Heat ground turkey with water in a pan, crumbling as it cooks until no longer pink (3–5 minutes). Cool, reserving cooking liquid.; Blend the Puree: Transfer turkey to a blender and process with reserved liquid to achieve a smooth consistency.; Combine with Applesauce: Stir in applesauce to the turkey puree.; Serve: Serve immediately or store for later.",Nutritional Boost: Rich in protein and B vitamins for healthy growth.; Sweet Pairing: Applesauce adds a natural sweetness.; Make Ahead: Freeze for up to 2 months.,Contains Protein; Gluten-Free; Dairy-Free,
REC-0000056,Chunky Chicken and White Beans,"A hearty and protein-packed meal made with baked chicken, white beans, and fresh basil. Perfect for growing babies.",11,Lunch; Dinner,10,25,"Chicken breast, olive oil, white beans, chicken broth, fresh basil","Prepare the Chicken: Bake chicken breast drizzled with olive oil until opaque (25 minutes). Cool, slice, and finely mince.; Cook the Beans: Simmer beans with chicken broth for 5–8 minutes.; Mash and Combine: Mash beans with a fork, then stir in chicken and basil.; Serve: Serve chunky or puree for a smoother texture.","Protein Boost: Packed with protein and B vitamins.; Texture Options: Serve chunky or smooth, depending on your baby’s readiness.; Make Ahead: Refrigerate for quick meals.",Contains Protein; Gluten-Free; Dairy-Free,
REC-0000057,Curried Cauliflower-Potato Mash,"A creamy and nutritious mash made with tender cauliflower, potatoes, and a hint of mild curry. Packed with vitamins and flavor.",12,Lunch; Dinner,10,9,"Cauliflower florets, Yukon gold potatoes, mild curry powder",Steam the Vegetables: Steam cauliflower and potatoes until tender (7–9 minutes).; Mash or Blend: Mash vegetables with curry powder or puree with water to desired consistency.; Serve: Serve immediately as a nutritious baby meal.; Store: Refrigerate for up to 3 days or freeze for 3 months.,"Vitamin Boost: High in vitamins C, K, and zinc.; Customizable Texture: Mash or puree to suit baby's needs.; Make Ahead: Freeze portions for easy meals.",Dairy-Free; Gluten-Free; Vegan,
REC-0000058,Butternut Squash–Whole Wheat Shells and Cheese,"A creamy and cheesy pasta dish with winter squash, perfect for toddlers and the whole family.",12,Lunch; Dinner,10,10,"Whole-wheat pasta shells, butter, all-purpose flour, milk, sharp cheddar cheese, winter squash puree, salt, nutmeg","Cook the Pasta: Boil lightly salted water, add pasta, and cook until tender (8–10 minutes). Drain and return to the pot.; Prepare the Cheese Sauce: Melt butter in a saucepan, stir in flour, and cook for 1 minute. Whisk in milk, simmer until thickened (3 minutes).; Add the Cheese and Squash: Stir cheese, squash puree, salt, and nutmeg into the sauce until smooth.; Combine with Pasta: Pour cheese sauce over cooked pasta and mix well.; Serve: Mash or chop baby’s portion to the desired consistency.",Nutritional Boost: Vitamins from squash and zinc from cheese.; Family-Friendly: A toddler and adult favorite.; Customizable Texture: Adjust texture for baby.,Contains Dairy; Contains Gluten; Vegetarian,
REC-0000059,Happy Birthday Carrot Cupcakes,"Moist, vanilla-flavored spice cupcakes with tender shredded carrots, perfect for birthdays or snacks.",12,Dessert; Snack,15,28,"All-purpose flour, baking powder, baking soda, salt, ground cinnamon, carrots, eggs, buttermilk, brown sugar, vegetable oil, vanilla extract, cream cheese frosting (optional)","Preheat the Oven: Heat oven to 325°F. Line a 12-cup muffin tin with paper liners.; Prepare the Dry Ingredients: Mix flour, baking powder, baking soda, salt, and cinnamon.; Mix the Wet Ingredients: Combine carrots, eggs, buttermilk, brown sugar, vegetable oil, and vanilla. Whisk until blended.; Combine the Batter: Stir the dry ingredients into the wet mixture until combined.; Bake the Cupcakes: Spoon batter into muffin cups and bake (25–28 minutes). Cool for 5 minutes in the pan, then transfer to a rack.; Cool and Frost: Let cool completely and frost with cream cheese frosting, if desired.",Nutritional Boost: Add cream cheese frosting for extra zinc.; Make Ahead: Store unfrosted cupcakes for up to 1 day at room temperature.; Versatile Treat: Enjoy as a birthday dessert or snack.,Contains Dairy; Contains Eggs; Contains Gluten,
REC-0000060,Cream Cheese Frosting,"A creamy and versatile frosting made with cream cheese, powdered sugar, and vanilla extract, perfect for cupcakes and cakes.",12,Dessert,5,0,"Cream cheese, powdered sugar, vanilla extract, butter","Prepare the Ingredients: Ensure cream cheese and butter are at room temperature.; Mix the Frosting: Beat cream cheese, powdered sugar, and vanilla until smooth. Add butter and beat until thoroughly blended.; Use Immediately: Frost cooled cupcakes or cakes.",Smooth Texture: Room-temperature ingredients ensure a silky frosting.; Make It Your Own: Add cinnamon or lemon juice for variation.; Storage: Store in the refrigerator for up to 2 days.,Contains Dairy; Vegetarian,